DATE,SPOT,M1,M2,M3,M4,TTF_SPOT,TTF_M1,HENRYHUB_SPOT,HENRYHUB_M1,COAL_M1,BRENT_SPOT,BRENT_M1,BCOM,GSCI,DXY,EURUSD,PPI,GAS_PROD,GAS_DEM,GAS_STO,SP500,EU10YT,EU1YT,FEDFUNDS,TEMP
31/1/2010,13.90967742,15.85,15.15,13.75,13.58,14.6752381,14.85,5.97,5.131,86.5,77.91,71.46,129.0506,4534.168,79.462,1.3862,94.9,6942644,115.477,45.11,1115.1,3.19,0.66,0.11,-4.466666667
28/2/2010,14.02535714,12.7,12.45,12.5,14.45,13.956,12.22,5.44,4.813,75.18,71.58,77.59,133.8318,4237.105,80.362,1.3625,93.8,6401162,115.477,45.11,1089.19,3.10,0.56,0.13,-3.958333333
31/3/2010,12.21419355,12.65,12.15,11.95,11.1,12.05478261,11.85,4.39,3.869,73.55,76.07,82.7,132.1517,4368.016,81.073,1.351,94.8,6431806,115.477,45.11,1115.71,3.10,0.61,0.16,0
30/4/2010,13.34233333,15.25,14.05,14.5,16.19,13.34545455,14.65,4.13,3.92,79.38,82.63,87.44,134.7037,4557.699,81.866,1.3295,96.2,5553325,64.015,45.11,1178.1,3.02,0.58,0.2,3.137931034
31/5/2010,16.85774194,16.5,16.6,16.8,18.47,16.6047619,16.34,4.24,4.341,90,88.09,74.65,125.3626,4644.402,86.588,1.2305,96.3,4758530,64.015,45.11,1202.26,2.66,0.44,0.2,9
30/6/2010,19.543,19.75,20.35,21.2,21.78,19.13909091,20.23,4.91,4.616,92.55,73.08,75.01,125.7471,3951.125,86.019,1.2234,98.1,3868273,64.015,45.11,1070.71,2.55,0.66,0.18,12.86666667
31/7/2010,19.66193548,18.6,18.95,20,21.04,19.68909091,18.5,4.73,4.923,92.75,71.73,78.18,134.2481,3936.786,81.539,1.3045,99,3881616,45.012,45.11,1027.37,2.67,0.66,0.18,14.93548387
31/8/2010,18.57322581,18.45,18.65,19.65,20.35,18.155,18.41,4.41,3.816,92,81.93,74.64,130.8135,4350.695,83.202,1.2685,98.1,3436833,45.012,45.11,1125.86,2.12,0.51,0.19,13.51612903
30/9/2010,19.11566667,19.5,19.6,19.45,19.74,18.94409091,19.2,3.98,3.872,96,75.53,82.31,140.2939,4097.859,78.72,1.363,98.1,4210847,45.012,45.11,1080.29,2.27,0.72,0.19,7.633333333
31/10/2010,18.94645161,18.7,19.25,19.45,19.5,18.46333333,18.81,3.51,4.038,99.1,82.69,83.15,147.2686,4386.305,77.266,1.3947,98.9,5599328,101.165,45.11,1146.24,2.52,0.86,0.19,4.655172414
30/11/2010,19.56933333,21.75,21.95,21.95,20.6,19.54409091,21.76,3.8,4.18,106.55,84.06,85.92,146.7299,4511.516,81.195,1.2977,99.2,6156545,101.165,45.11,1184.38,2.68,0.75,0.19,2.655172414
31/12/2010,23.41666667,24.75,23.14,22.98,22.91,24.24565217,24.11,4.35,4.405,123.8,88.56,94.75,162.3929,4653.77,79.028,1.3377,100.5,7722381,101.165,45.11,1206.07,2.95,0.61,0.18,-6
31/1/2011,21.83,21.25,21.3,21.15,20.75,22.35952381,20.84,4.59,4.42,123.68,95.82,101.01,163.9999,4961.445,77.735,1.3685,102.6,6717819,108.957,45.11,1271.87,3.16,1.03,0.17,-2.68
28/2/2011,22.05588235,22.4,22.35,22.35,22.4,21.75,22.18,4.18,4.037,119.75,100.4,111.8,166.1437,5094.781,76.889,1.3801,102.9,6115476,108.957,36.97,1307.59,3.18,1.00,0.16,-2.304347826
31/3/2011,23.90434783,24.35,25.3,24.5,24.5,23.71956522,24.77,4.06,4.389,128.05,113.34,117.36,169.5579,5372.547,75.857,1.4165,104.5,6001860,108.957,29.86,1306.33,3.36,1.21,0.14,0.607142857
30/4/2011,23.175,22.7,25.3,23,25.98,22.82142857,23.09,4.33,4.698,127.75,118.63,125.89,175.4211,5559.316,72.933,1.4799,106.7,4557917,56.177,43.51,1332.41,3.24,1.38,0.1,5.24137931
31/5/2011,23.00909091,23.3,23.7,23,24.5,22.92954545,23.72,4.41,4.666,122.5,126.64,116.73,166.5416,5724.59,74.638,1.4394,106.4,4882025,56.177,55.88,1361.22,3.02,1.28,0.09,8.096774194
30/6/2011,22.765,22.25,23.2,22.95,24.43,22.71590909,22.33,4.64,4.374,122.6,116.15,112.48,158.1349,5280.73,74.303,1.4504,106.4,3881992,56.177,66.62,1314.55,3.03,1.39,0.09,12.73333333
31/7/2011,21.83333333,21.38,22.6,24.65,27.35,21.5252381,22.23,4.52,4.145,123.58,109.82,116.74,162.8146,5042.848,73.897,1.4395,108.1,3853556,40.437,74.91,1339.67,2.54,1.19,0.07,12.32258065
31/8/2011,22.15086957,24.45,27.3,29.1,29.2,21.9326087,24.8,4.14,4.054,124.75,116.37,114.85,164.4327,5185.734,74.117,1.4377,107.7,3731595,40.437,82.9,1286.94,2.22,0.66,0.1,13.93548387
30/9/2011,23.38772727,23.05,26.85,27.6,27.75,23.35136364,26.68,3.98,3.666,123.75,116.43,102.76,140.2016,5072.328,78.553,1.3384,108.4,4526970,40.437,89.18,1204.42,1.89,0.38,0.08,9.9
31/10/2011,23.08571429,24.3,26.03,25.85,25.85,22.42142857,25.62,3.64,3.934,117.7,103.61,109.56,149.4779,4442.93,76.166,1.3856,109.4,5196543,85.832,93.66,1099.23,2.04,0.35,0.07,4.275862069
30/11/2011,24.13333333,23.65,24.7,24.25,23.75,23.77142857,23.05,3.31,3.55,116.05,106.97,110.52,146.1596,4873.152,78.384,1.3441,109.5,6565645,85.832,94.85,1218.28,2.28,0.02,0.08,-0.285714286
31/12/2011,22.55380952,22.05,22.1,22.6,23.5,22.51666667,22,3.24,2.989,110.8,108.83,107.38,140.6802,4963.281,80.178,1.2945,107.9,5566668,85.832,92.63,1244.58,1.82,-0.09,0.07,1.392857143
31/1/2012,22.125,23.4,23.2,24.3,22.9,21.89681818,23.01,2.74,2.503,106.35,108.09,110.98,144.1561,4885.254,79.288,1.3078,109,5869770,105.976,84.93,1257.6,1.81,0.09,0.08,-1.214285714
29/2/2012,26.16904762,24.2,24.75,24.4,24.58,26.2952381,24.8,2.57,2.616,99.13,111.96,122.66,148.0367,4994.969,78.737,1.3324,109.4,6702849,105.976,75.82,1324.09,1.83,0.08,0.1,-8.821428571
31/3/2012,24.36727273,25.25,25.45,25.75,25.45,24.13181818,25.25,2.23,2.126,97.3,125.76,122.88,141.9021,5370.09,79.004,1.3343,110.7,4437556,105.976,52.93,1374.09,1.81,0.11,0.13,1.074074074
30/4/2012,24.9725,25.5,25.3,25.5,25.24,24.8425,25.3,1.99,2.285,96.3,124.44,119.47,141.2917,5260.461,78.776,1.324,110.8,4332791,59.086,56.05,1419.04,1.66,0.05,0.14,3.4
31/5/2012,24.46304348,23.45,23.73,23.65,24.43,24.23608696,23.4,2.49,2.422,88.25,119.57,101.87,128.3789,5166.598,83.043,1.2356,110,3208009,59.086,57.32,1405.82,1.22,0.02,0.16,8.172413793
30/6/2012,24.05571429,24.02,24.2,24.05,24.55,23.74047619,23.95,2.52,2.824,86.88,98.63,97.8,135.4213,4363.949,81.627,1.2658,108.5,3082357,59.086,64.82,1278.04,1.61,0.04,0.16,11.6
31/7/2012,24.40227273,24,24.4,25,25.1,24.26954545,23.45,3.03,3.209,92.53,95.28,104.92,144.169,4516.582,82.635,1.2303,109.2,3082657,45.624,72.24,1365.51,1.29,-0.02,0.16,13.83870968
31/8/2012,24.29695652,25.13,25.7,27.2,27.77,24.12695652,25,2.91,2.799,93.88,106.78,114.57,146.0275,4834.441,81.208,1.2575,110.4,3064825,45.624,81.18,1375.14,1.35,0.02,0.13,14.80645161
30/9/2012,25.7765,25.9,26.55,27,27,25.824,25.75,2.92,3.32,89.5,113.93,112.39,148.5061,5127.734,79.935,1.2858,110.6,3295345,45.624,90.38,1406.58,1.42,0.05,0.14,8.103448276
31/10/2012,26.74782609,27.48,27.4,27.6,27.7,26.70217391,27.13,3.4,3.692,86.23,112.58,108.7,142.7416,5064.316,79.919,1.2958,110.4,4118128,90.63,94.29,1444.49,1.48,0.06,0.16,4.741935484
30/11/2012,27.32045455,27.52,27.65,27.6,27.4,27.24909091,27.45,3.63,3.561,89.48,108.84,111.23,142.8028,4857.824,80.153,1.2984,110.5,5021382,90.63,93.29,1427.59,1.37,0.01,0.16,1.888888889
31/12/2012,27.37157895,26.3,26.7,27.35,27.4,27.33631579,26.35,3.43,3.351,89.95,111.27,111.11,139.0707,4926.477,79.769,1.3194,109.6,5233125,90.63,87.32,1409.46,1.31,0.01,0.16,-2.75
31/1/2013,26.94727273,26,25.9,27.3,25.39,26.53227273,25.7,3.42,3.339,86.4,110.8,115.55,142.3956,4889.008,79.207,1.3578,111.1,5613099,125.227,74.35,1426.19,1.68,0.16,0.14,-3.193548387
28/2/2013,26.5055,26.4,26.02,26.05,25.98,26.3165,26.3,3.42,3.486,89.25,115.55,111.38,136.5666,5129.902,81.949,1.3056,110.5,5081844,125.227,57.8,1513.17,1.46,0.05,0.15,-6
31/3/2013,31.52,28.9,27.4,26.95,26.8,32.105,29.35,3.92,4.024,85.15,110.14,110.02,137.4762,4836.453,83.221,1.2818,109.6,4713417,125.227,44.39,1518.2,1.28,0.02,0.14,-2.607142857
30/4/2013,28.34190476,26.83,26.8,26.4,26.39,28.09285714,26.25,4.28,4.343,82.45,108.76,102.37,133.6316,4901.262,81.746,1.3166,109.6,3274562,65.255,23.48,1562.17,1.21,0.00,0.15,3.962962963
31/5/2013,27.02809524,26.83,26.55,26.92,26.58,26.71238095,26.6,4.15,3.984,82,98.34,100.39,130.6295,4582.988,83.261,1.2995,108.5,2118188,65.255,28.12,1582.7,1.51,0.04,0.11,7.612903226
30/6/2013,26.4345,26.15,26.4,26.25,26.7,26.24,25.75,3.93,3.565,74.5,101.63,102.16,124.4663,4666.836,83.136,1.3008,108.3,2028536,65.255,44.31,1640.42,1.73,0.15,0.09,10.3
31/7/2013,26.38304348,26.3,26.23,26.5,26.75,26.06304348,26.13,3.72,3.446,77.5,103.19,107.7,126.1571,4660.086,81.452,1.33,108.5,1967331,55.272,61.07,1614.96,1.68,0.06,0.09,12.5
31/8/2013,25.76545455,25.85,26.3,26.98,27.5,25.55181818,25.5,3.52,3.581,75.6,109.94,114.01,130.4445,4913.379,82.087,1.322,108.2,2061286,55.272,84.01,1706.87,1.86,0.11,0.08,11.87096774
30/9/2013,26.65095238,26.8,27.2,27.49,27.7,26.47857143,26.43,3.72,3.56,78.25,115.97,108.37,127.1103,5015.387,80.221,1.3524,109.1,3001592,55.272,98.56,1632.97,1.78,0.10,0.08,8.6
31/10/2013,26.3473913,26.25,27.15,27.5,27.5,25.86869565,26.2,3.78,3.581,84,107.32,108.84,125.2281,4823.016,80.195,1.3582,108.3,3258559,88.583,151.38,1695,1.68,0.08,0.09,5.586206897
30/11/2013,27.2847619,28.17,28.38,28.35,28,27.18047619,28.28,3.74,3.954,84.5,105.78,109.69,124.2192,4696.461,80.68,1.3589,108.2,3828476,88.583,163.59,1761.64,1.69,0.11,0.08,1.586206897
31/12/2013,27.8055,27.2,27.5,27.7,27.05,27.7505,27.08,4.36,4.23,85,111.49,110.8,125.7515,4764.223,80.035,1.3745,108.4,3978042,88.583,151.8,1800.9,1.94,0.14,0.09,-1.870967742
31/1/2014,26.48434783,25.43,25.3,25.18,24.8,26.25391304,25,4.87,4.943,83.25,109.95,106.4,126.1206,4829.465,81.311,1.3485,107.8,4516962,88.622,134.96,1848.36,1.66,0.09,0.07,-1.322580645
28/2/2014,24.166,23.25,23.63,23.68,23.43,23.849,22.8,6.2,4.609,77.1,106.55,109.07,133.9783,4726.438,79.691,1.3802,107.6,3468560,88.622,119.36,1741.89,1.63,0.13,0.07,-1.607142857
31/3/2014,23.20666667,21.35,21.63,21.5,21.58,22.79095238,21.02,5.06,4.371,75.2,111.26,107.76,134.5234,5045.418,80.1,1.377,106.7,3056754,88.622,113.91,1845.73,1.57,0.16,0.08,-0.580645161
30/4/2014,20.97,19.5,20.05,22.55,20.9,20.42318182,19.25,4.81,4.815,76.2,105.7,108.07,137.7964,4910.066,79.474,1.3866,106.3,2221543,53.914,106.35,1885.52,1.47,0.14,0.09,4
31/5/2014,19.44818182,18.8,19.4,20.5,19.8,19.08818182,18.75,4.73,4.542,74.8,108.63,109.41,133.8324,4978.453,80.369,1.363,105.7,1832307,53.914,127.08,1883.68,1.36,0.09,0.09,6.903225806
30/6/2014,17.40285714,17.2,17.5,18.4,21.52,17.39190476,16.65,4.74,4.461,72.35,109.34,112.36,134.6268,4990.605,79.775,1.3691,105.7,1758834,53.914,141.04,1924.97,1.25,0.03,0.1,9.733333333
31/7/2014,16.71695652,17.55,18.58,21.25,23.95,16.50565217,17.38,4.18,3.841,73.55,110.84,106.02,127.9143,5098.59,81.456,1.3388,105,1983593,50.836,150.1,1973.32,1.17,0.04,0.09,12.77419355
31/8/2014,17.59333333,19.65,21,24.43,25.2,17.49714286,19.6,4.04,4.065,77,103.45,103.19,126.5745,4802.34,82.748,1.3132,104.8,1747589,50.836,162.2,1925.15,0.89,-0.01,0.09,11.16129032
30/9/2014,21.09227273,22.33,24.52,25,25.5,20.785,22,4.05,4.121,72.15,101.12,94.67,118.6922,4755.742,85.936,1.2631,104.9,2082960,50.836,176.91,2003.37,0.95,-0.05,0.09,9.8
31/10/2014,21.69913043,22.1,23.15,23.48,23.75,21.26826087,21.55,3.91,3.873,72.9,94.57,85.86,117.7365,4459.805,86.917,1.2524,104.4,2570904,92.027,186.13,1946.16,0.85,-0.06,0.09,6.935483871
30/11/2014,23.16,24,24.52,25.12,24.75,22.978,24,4.26,4.088,74.1,84.9,70.15,112.9451,4172.156,88.356,1.245,104.9,3225233,92.027,195.44,2017.81,0.70,-0.03,0.09,2.966666667
31/12/2014,22.765,21.3,21.52,21.4,22.99,22.53545455,20.95,3.6,2.889,66.8,70.87,57.33,104.3285,3827.075,90.269,1.2097,103,3843719,92.027,183.39,2053.44,0.54,-0.08,0.12,0.193548387
31/1/2015,20.20045455,20.5,20.63,20.6,20,19.755,20.23,3.11,2.691,58.88,55.27,52.99,100.8413,3232.798,94.804,1.1286,101,3931472,105.319,156.62,2058.9,0.31,-0.14,0.11,-1.258064516
28/2/2015,22.8025,23.48,23.35,20,22.42,22.566,23.45,2.98,2.734,61.8,51.74,62.58,103.4379,3041.532,95.321,1.1193,101.6,3910085,105.319,115.07,2020.85,0.32,-0.19,0.11,-5.142857143
31/3/2015,21.92863636,21.9,21.78,21.7,20.38,21.85681818,21.83,2.94,2.64,59.2,60.75,55.11,98.123,3121.984,98.357,1.073,101.7,3137537,105.319,73.92,2117.39,0.19,-0.23,0.11,-0.64516129
30/4/2015,21.92681818,20.67,20.67,20.98,21.1,22.07818182,20.73,2.71,2.751,59.7,55.73,66.78,103.7471,3042.351,94.6,1.1222,101.6,1919942,60.471,64.39,2059.69,0.36,-0.25,0.12,1.933333333
31/5/2015,20.70095238,20.65,20.55,20.78,20.6,20.54857143,20.4,2.96,2.642,58.8,64.13,65.56,100.9465,3282.228,96.907,1.0987,101.4,1401514,60.471,61.6,2108.29,0.49,-0.25,0.12,8.838709677
30/6/2015,20.69590909,20.8,20.6,20.63,21.23,20.52045455,20.67,2.89,2.832,58.18,62.87,63.59,102.6892,3225.205,95.485,1.1135,101.1,1433783,60.471,78.22,2111.73,0.77,-0.20,0.13,11.73333333
31/7/2015,21.00571429,20.83,20.7,21.25,21.23,20.86714286,20.45,2.95,2.716,58.45,61.65,52.21,91.7827,3167.137,97.336,1.0987,100.9,1759983,47.052,96.29,2077.42,0.65,-0.24,0.13,13.80645161
31/8/2015,19.80761905,19.43,19.58,19.88,20.13,19.57142857,19.17,2.88,2.689,55.83,49.49,54.15,90.9328,2700.083,95.824,1.1211,99.7,1306307,47.052,123.95,2098.04,0.79,-0.22,0.14,13.03225806
30/9/2015,19.35636364,18.6,18.8,19.23,19.78,19.16,18.38,2.76,2.524,52.7,48.8,48.37,87.8214,2657.507,96.35,1.1176,98.8,1630734,47.052,142.22,1913.85,0.59,-0.24,0.14,8.666666667
31/10/2015,18.49818182,18.2,18.3,18.48,18.5,18.24363636,17.8,2.43,2.321,52.6,47.48,49.56,87.4289,2584.551,96.946,1.1005,98.1,3490022,86.913,157.83,1923.82,0.53,-0.30,0.12,4.580645161
30/11/2015,17.4747619,18,17.92,18.33,18.15,17.20714286,17.9,2.17,2.235,53.83,47.91,44.61,81.0781,2588.716,100.17,1.0563,97.7,3659365,86.913,164.17,2104.05,0.48,-0.36,0.12,1.833333333
31/12/2015,15.92,14.95,15.68,15.05,15.25,15.70636364,14.58,2,2.337,47.63,42.97,37.28,78.5588,2386.579,98.631,1.086,96.5,3695733,86.913,164.78,2102.63,0.63,-0.37,0.24,-0.806451613
31/1/2016,14.389,13.73,13.7,13.7,14.4,13.9145,13.25,2.37,2.298,45.85,36.61,34.74,77.2234,2170.615,99.606,1.0834,93.9,5191542,119.328,165.31,2043.94,0.34,-0.45,0.34,-2.741935484
29/2/2016,12.81809524,12.68,12.4,12.63,12.58,12.47666667,12.43,2.07,1.711,43.75,32.45,35.97,75.9463,2005.392,98.211,1.0871,92.5,4023963,119.328,139.48,1939.38,0.11,-0.50,0.38,0.586206897
31/3/2016,12.44869565,12.2,12.17,12,11.77,12.26782609,12.1,1.8,1.959,46.25,35.73,39.6,78.8272,2024.285,94.586,1.1378,92.7,4392684,119.328,120.77,1978.35,0.16,-0.46,0.36,0.032258065
30/4/2016,12.18142857,12.93,13.08,11.4,12.87,12.0747619,12.45,1.99,2.178,45.78,36.42,48.13,85.5205,2070.556,93.082,1.1454,93,2926813,56.093,108.53,2072.78,0.28,-0.53,0.37,3.033333333
31/5/2016,13.14090909,14.33,14.2,13.1,13.85,13.04090909,14.18,2,2.288,48.23,45.82,49.69,85.3383,2296.962,95.891,1.1129,93.4,2600629,56.093,123.07,2081.43,0.15,-0.54,0.37,7.096774194
30/6/2016,14.47727273,13.98,14.38,14.57,14.9,14.41681818,13.93,2.69,2.924,51.25,48.81,49.68,88.8423,2387.4,96.143,1.1104,94.4,2292412,56.093,145.24,2099.33,-0.13,-0.61,0.38,11.93333333
31/7/2016,14.45619048,14.02,14.8,15.95,16.52,14.24190476,13.8,2.93,2.876,57.13,47.65,42.46,84.2809,2400.04,95.531,1.117,94.5,2361398,48.312,163.53,2102.95,-0.12,-0.62,0.39,13.22580645
31/8/2016,12.19954545,11.9,13.02,15.38,15.65,11.98,11.45,2.93,2.887,60.25,40.17,47.04,82.7727,2112.299,96.022,1.1156,94.3,3050695,48.312,189.75,2170.84,-0.06,-0.59,0.4,11.87096774
30/9/2016,12.38318182,13.6,15.65,15.86,16.05,12.28681818,13.7,3.11,2.906,62.33,45.05,49.06,85.342,2154.703,95.463,1.1238,93.5,4136550,48.312,209.64,2170.86,-0.12,-0.70,0.4,9.666666667
31/10/2016,16.19333333,17.92,17.77,17.25,17.9,16.09380952,17.92,3.09,3.026,79.58,48.61,48.3,84.9011,2300.337,98.445,1.0979,95.1,5161940,105.501,224.14,2161.2,0.17,-0.70,0.4,4.032258065
30/11/2016,18.03545455,18.15,18.05,17.83,17.75,17.90818182,18.25,2.65,3.352,86.55,45.77,50.47,86.0015,2245.066,101.5,1.0585,95.3,5656038,105.501,225.6,2111.72,0.28,-0.79,0.41,0.266666667
31/12/2016,17.87909091,19.5,18.7,19.15,17.9,17.68954545,19.4,3.73,3.724,90.6,52.28,56.82,87.5144,2354.681,102.21,1.0513,96,6105471,105.501,197.48,2191.08,0.21,-0.85,0.54,-2.677419355
31/1/2017,20.46,21.3,20.88,19.36,17.88,20.12272727,21.1,3.43,3.117,88.5,54.96,55.7,87.5922,2417.311,99.512,1.0795,97.2,7480933,114.115,158.11,2238.83,0.44,-0.69,0.65,-9.806451613
28/2/2017,20.023,17.2,17.2,17.2,17.5,19.553,16.92,2.96,2.774,81.9,55.79,55.59,87.7388,2418.545,101.12,1.0575,96.7,5169126,114.115,94.01,2279.55,0.21,-0.88,0.66,-1.035714286
31/3/2017,16.34434783,15.93,16.4,16.27,16.2,15.79913043,15.63,2.99,3.19,73.55,55.72,52.83,85.3508,2394.746,100.35,1.0649,96.1,4643570,114.115,67.02,2395.96,0.33,-0.71,0.79,1.806451613
30/4/2017,16.4975,16.45,16.41,16.5,16.22,16.058,16.25,3.22,3.276,75.75,52.04,51.73,84.0128,2279.809,99.05,1.0895,96.3,3655446,69.009,68.2,2358.84,0.33,-0.71,0.9,2
31/5/2017,16.04782609,15.77,15.75,16.02,15.9,15.66913043,15.3,3.27,3.071,74.3,50.41,50.31,82.8292,2240.402,96.922,1.1241,95.7,3471595,69.009,72.51,2388.33,0.30,-0.74,0.91,6.980645161
30/6/2017,15.46818182,15.3,15.38,15.55,15.8,15.13454545,14.93,3.09,3.035,78.95,50.41,47.92,82.6017,2209.488,95.628,1.1423,95.4,2744233,69.009,91.7,2430.06,0.47,-0.67,1.04,11.86666667
31/7/2017,15.26428571,15.13,15.23,15.66,16.38,15.09571429,14.93,3.09,2.794,83.5,49.13,52.65,84.3915,2201.153,92.863,1.184,95.7,3352876,57.617,119.83,2429.01,0.53,-0.66,1.15,12.90322581
31/8/2017,16.07217391,16.45,16.78,17.55,17.53,15.99304348,16.38,3.01,3.04,85.2,50.77,52.38,84.6565,2239.534,92.668,1.1908,95.8,2708789,57.617,149.25,2476.35,0.36,-0.75,1.16,12.77419355
30/9/2017,17.30666667,17.2,17.95,18.69,17.85,17.30285714,16.83,3.09,3.007,91.45,53.15,57.54,84.4599,2253.928,93.076,1.1812,96.7,3458573,57.617,182.79,2476.55,0.46,-0.73,1.15,6.966666667
31/10/2017,17.38409091,18.08,18.43,18.5,18.4,17.10363636,17.98,2.99,2.896,92.1,55.67,61.37,86.1882,2295.602,94.552,1.1644,97,3600828,101.106,197.92,2529.12,0.36,-0.75,1.15,5.64516129
30/11/2017,19.66545455,20.48,20.52,20.44,20.03,19.57090909,20.38,3.13,3.025,94.3,60.98,63.57,85.7033,2415.483,93.047,1.1902,97.9,5478955,101.106,214.62,2579.36,0.38,-0.72,1.16,1.233333333
31/12/2017,20.67333333,19.43,19.6,19.2,18.48,20.7952381,19.65,2.93,2.953,94.8,64.57,66.87,88.1674,2478.921,92.124,1.1996,98.3,4901005,101.106,193.73,2642.22,0.42,-0.71,1.3,-1.096774194
31/1/2018,18.49695652,17.98,17.98,17.43,17.98,18.6,17.98,3.83,2.995,95.2,66.73,69.05,89.8001,2556.708,89.133,1.242,98.6,4726344,118.517,157.1,2673.61,0.69,-0.60,1.41,0.822580645
28/2/2018,21.396,19.75,17.85,17.15,17.95,21.679,20.1,2.77,2.667,86.2,68.6,65.78,88.1409,2665.627,90.613,1.2193,98.1,5818805,118.517,125.71,2821.98,0.66,-0.63,1.42,-4.678571429
31/3/2018,23.80045455,18.6,18.33,18.7,18.17,23.62272727,18.67,2.8,2.733,79.55,64.23,70.27,87.4729,2542.466,89.974,1.2321,98.1,4861501,118.517,68.37,2677.67,0.49,-0.66,1.51,-1.774193548
30/4/2018,19.63904762,20.67,20.55,20.16,20.15,19.6452381,20.58,2.9,2.763,81.8,69.02,75.17,89.593,2567.746,91.841,1.2077,99.1,2461467,58.146,35.47,2581.88,0.56,-0.62,1.69,4.966666667
31/5/2018,21.68,22.38,22.35,23.14,22.85,21.55545455,22.3,2.91,2.952,89.6,74.85,77.59,90.7159,2716.404,93.985,1.169,100.5,1857857,58.146,52.63,2654.8,0.34,-0.65,1.7,10.5483871
30/6/2018,21.91,22,21.91,21.9,22.25,21.92761905,21.83,3.08,2.924,96,74.54,79.44,87.4095,2759.11,94.636,1.1683,101.3,2381431,58.146,84.96,2734.62,0.31,-0.65,1.82,12.2
31/7/2018,22.265,22.02,22.13,22.4,22.85,22.25363636,21.98,2.94,2.782,100.95,76.71,74.25,85.3947,2776.562,94.493,1.1691,102.1,3179430,49.559,106.22,2726.71,0.44,-0.64,1.91,12.4516129
31/8/2018,23.80409091,25.83,26.4,26.6,26.75,23.88863636,25.88,3.07,2.916,97.9,72.28,77.42,83.736,2679.361,95.14,1.1599,102.8,3668625,49.559,124.64,2813.36,0.33,-0.63,1.91,13.09677419
30/9/2018,27.8455,27.13,27.8,28.33,29.52,27.837,26.95,3.11,3.008,100.2,77.81,82.72,85.201,2751.35,95.132,1.1608,104.9,2717180,49.559,103.7,2901.52,0.47,-0.60,1.95,9.133333333
31/10/2018,25.87913043,23.9,24.38,24.92,24.6,25.53956522,23.38,3.4,3.261,100.1,84.94,75.47,83.1903,2917.345,97.127,1.131,106.1,3872638,90.09,178.89,2924.59,0.38,-0.67,2.19,4.193548387
30/11/2018,24.86272727,24.45,24.83,25.05,24.73,24.63363636,24.38,4.25,4.612,88.6,71.25,58.71,82.5607,2660.089,97.272,1.1315,106.6,5528571,90.09,204.37,2740.37,0.31,-0.65,2.2,0.666666667
31/12/2018,24.081,22,22.15,22.38,22.16,23.6445,21.65,4.19,2.94,88,60.17,53.8,76.7154,2437.548,96.173,1.1469,105.1,5208248,90.09,192.1,2790.37,0.25,-0.60,2.27,0.258064516
31/1/2019,22.05521739,20.45,20.27,20.23,20.52,21.39782609,19.77,3.23,2.814,79.83,50.57,61.89,80.7252,2203.469,95.578,1.1444,105.7,6437455,117.83,174.37,2506.85,0.16,-0.52,2.4,-2.258064516
28/2/2019,18.6565,18.45,18.5,18.33,18.13,18.0035,17.67,2.79,2.812,74.2,61.86,66.03,81.3904,2433.557,96.157,1.137,105.5,5026502,117.83,148.38,2706.53,0.19,-0.54,2.4,-3.25
31/3/2019,16.43190476,15.18,14.77,14.95,15.98,15.69761905,14.35,3.06,2.662,70.45,63.71,68.39,81.0872,2464.062,97.284,1.1217,104.6,3918775,117.83,122.44,2803.69,-0.07,-0.56,2.41,1.258064516
30/4/2019,15.80238095,15.13,14.9,15.25,15.31,15.04714286,14.23,2.75,2.575,58.93,69.08,72.8,80.5738,2566.273,97.479,1.1215,105.6,3536442,57.459,121.98,2867.19,0.01,-0.55,2.42,3.466666667
31/5/2019,14.01727273,11.1,12.52,12.63,13.9,13.34409091,10.6,2.74,2.454,56.8,72.01,64.49,77.7043,2605.199,97.75,1.1167,105,3503464,57.459,136.15,2923.73,-0.20,-0.59,2.39,5.516129032
30/6/2019,10.812,9.9,10.54,11.35,14.5,10.5225,9.38,2.49,2.308,48.9,63.16,66.55,79.653,2377.18,96.13,1.1368,103.5,3235025,57.459,97.25,2744.45,-0.33,-0.67,2.38,11.93333333
31/7/2019,11.21913043,10.38,11.66,13.8,17.85,10.94130435,10.3,2.46,2.233,57.8,65.1,65.17,78.9631,2498.304,98.516,1.1074,104.2,4290109,48.872,177.85,2964.33,-0.44,-0.70,2.4,12.77419355
31/8/2019,10.29904762,10.15,13.6,16.26,17.92,10.02954545,9.9,2.31,2.285,54.75,62.9,60.43,77.0044,2378.534,98.916,1.0989,102.5,4221615,48.872,189.06,2953.56,-0.71,-0.85,2.13,13.16129032
30/9/2019,9.765238095,11.23,17.1,18.67,19.08,9.568095238,11.2,2.66,2.33,60.3,58.55,60.78,77.7797,2351.951,99.377,1.0898,102.9,4415742,48.872,189.06,2926.46,-0.57,-0.69,2.04,7.933333333
31/10/2019,10.40347826,13.65,16.47,17.38,17.84,10.30913043,13.32,2.42,2.633,56.25,60.06,60.23,79.2367,2385.517,97.352,1.115,102.8,5532501,89.403,220.38,2940.25,-0.40,-0.63,1.83,5.741935484
30/11/2019,15.1252381,16,16.8,17.42,17.15,14.76380952,15.68,2.75,2.281,56.05,60.17,62.43,77.1108,2478.704,98.273,1.1015,103,5625859,89.403,225.72,3066.91,-0.35,-0.62,1.55,1.233333333
31/12/2019,13.43,12.13,12.5,12.32,13.75,13.12809524,11.7,2.3,2.189,53.3,63.2,66,80.8871,2432.367,96.389,1.121,102.6,4925575,89.403,226.18,3113.87,-0.19,-0.64,1.55,-1.516129032
